<com.otk.jesb.solution.Plan>
  <activator class="com.otk.jesb.activation.builtin.ReadCommandLine">
    <enabledVariant>
      <constantValue class="boolean">true</constantValue>
      <valueClass>java.lang.Boolean</valueClass>
      <variable>false</variable>
      <variableReferenceExpression class="null"/>
    </enabledVariant>
    <promptVariant>
      <constantValue class="string">name&gt; </constantValue>
      <valueClass>java.lang.String</valueClass>
      <variable>false</variable>
      <variableReferenceExpression class="null"/>
    </promptVariant>
  </activator>
  <name>Sample</name>
  <note class="null"/>
  <outputBuilder>
    <dynamicTypeNameAccessor class="com.otk.jesb.instantiation.RootInstanceBuilder$RootInstanceWrapperDynamicTypeNameAccessor">
      <outer-class reference="../.."/>
    </dynamicTypeNameAccessor>
    <fieldInitializers/>
    <initializationSwitches/>
    <listItemInitializers/>
    <parameterInitializers>
      <com.otk.jesb.instantiation.ParameterInitializer>
        <parameterPosition>0</parameterPosition>
        <parameterValue class="com.otk.jesb.instantiation.InstanceBuilder">
          <dynamicTypeNameAccessor class="com.otk.jesb.solution.Plan$OutputClassNameAccessor">
            <outer-class reference="../../../../../.."/>
          </dynamicTypeNameAccessor>
          <fieldInitializers>
            <com.otk.jesb.instantiation.FieldInitializer>
              <condition class="null"/>
              <fieldName>result</fieldName>
              <fieldValue class="com.otk.jesb.instantiation.InstantiationFunction">
                <functionBody>return &quot;Hello &quot; + PLAN_INPUT.inputLine;</functionBody>
              </fieldValue>
            </com.otk.jesb.instantiation.FieldInitializer>
          </fieldInitializers>
          <initializationSwitches/>
          <listItemInitializers/>
          <parameterInitializers/>
          <selectedConstructorSignature class="null"/>
          <typeName>&lt;Dynamic&gt;</typeName>
        </parameterValue>
      </com.otk.jesb.instantiation.ParameterInitializer>
    </parameterInitializers>
    <rootInstanceDynamicTypeNameAccessor class="com.otk.jesb.solution.Plan$OutputClassNameAccessor" reference="../parameterInitializers/com.otk.jesb.instantiation.ParameterInitializer/parameterValue/dynamicTypeNameAccessor"/>
    <rootInstanceName>PlanOutput</rootInstanceName>
    <rootInstanceTypeName class="null"/>
    <selectedConstructorSignature class="null"/>
    <typeName>&lt;Dynamic&gt;</typeName>
  </outputBuilder>
  <steps/>
  <transitions/>
</com.otk.jesb.solution.Plan>